module_title,module_description,module_order,lesson_title,lesson_description,video_url,duration_minutes,is_preview,lesson_order
Chương 1: Nền tảng giọng nói & Phong thái MC Đám Cưới,Cấu trúc chuẩn của một lễ cưới hiện đại và kỹ năng viết lời dẫn ấn tượng,1, LỄ VU QUY - ĐÊM TRƯỚC LỄ VU QUY- P1,"Đêm trước buổi lễ vu quy (Bố cục và lời dẫn)
Tổng Quan
Thông Báo Ban Lễ Tân
Giới thiệu band và mở đầu văn nghệ
Thông báo mời tiệc và Thời gian tổ chức hôm sau
Thông báo đón CR và bạn sang giao lưu
Khép lại chương trình",https://www.youtube.com/watch?v=xMZ5hYTfuP4&list=PLim_0b-U9LFffac8DfUHt4C-K9BQ0OPlo&index=1,39,TRUE,1
Chương 1: Nền tảng giọng nói & Phong thái MC Đám Cưới,Cấu trúc chuẩn của một lễ cưới hiện đại và kỹ năng viết lời dẫn ấn tượng,1,LỄ VU QUY- ĐÊM TRƯỚC LỄ VU QUY-P2,Bố cục và Lời dẫn chi tiết.,https://www.youtube.com/watch?v=xOaeNOQB5cc&list=PLim_0b-U9LFffac8DfUHt4C-K9BQ0OPlo&index=2,29,FALSE,2
Chương 1: Nền tảng giọng nói & Phong thái MC Đám Cưới,Cấu trúc chuẩn của một lễ cưới hiện đại và kỹ năng viết lời dẫn ấn tượng,1,Bố cục cho Lễ chính sự kiện: Lễ Vu Quy.,Bố cục tổ chức sự kiện là phần kiến thức cực kỳ quan trọng. Nó là bộ khung để mỗi Mc làm được đúng và đủ cho mỗi sự kiện.,https://www.youtube.com/watch?v=gD6nvfIqN88&list=PLim_0b-U9LFffac8DfUHt4C-K9BQ0OPlo&index=3,56,FALSE,3
Chương 1: Nền tảng giọng nói & Phong thái MC Đám Cưới,Cấu trúc chuẩn của một lễ cưới hiện đại và kỹ năng viết lời dẫn ấn tượng,1,HƯỚNG DẪN CÁC MẪU THÔNG BÁO TRONG TIỆC CƯỚI,,https://www.youtube.com/watch?v=mLhePAr5jfo&list=PLim_0b-U9LFffac8DfUHt4C-K9BQ0OPlo&index=4,31,FALSE,4
Chương 1: Nền tảng giọng nói & Phong thái MC Đám Cưới,Cấu trúc chuẩn của một lễ cưới hiện đại và kỹ năng viết lời dẫn ấn tượng,1,CÁCH MỞ ĐẦU TIỆC CƯỚI CHUẨN NHẤT,,https://www.youtube.com/watch?v=OflKb1ZLViw&list=PLim_0b-U9LFffac8DfUHt4C-K9BQ0OPlo&index=11,21,FALSE,5
Chương 2: Luyện kịch bản MC & Biên soạn lời dẫn tiệc cưới,Biết cách khuấy động không khí phần Hội và xử lý sự cố tiệc cưới,2,Bài 1: Cấu trúc kịch bản lễ cưới truyền thống & hiện đại,Phân tích quy trình các phần chính trong một tiệc cưới chuẩn.,https://www.youtube.com/watch?v=dQw4w9WgXcQ,20,FALSE,1
Chương 2: Luyện kịch bản MC & Biên soạn lời dẫn tiệc cưới,Biết cách khuấy động không khí phần Hội và xử lý sự cố tiệc cưới,2,Bài 2: Kỹ thuật dẫn phần Lễ: Chú rể - Cô dâu lên sân khấu,"Lời dẫn nhập tiệc cảm xúc, tạo điểm nhấn rạng ngời cho đôi tân nhân.",https://www.youtube.com/watch?v=dQw4w9WgXcQ,30,FALSE,2
Chương 3: Điều phối Game show & Phối hợp Ê-kíp sự kiện,Luyện Giọng,3,Bài 1: Kỹ năng tổ chức Mini Game khuấy động tiệc cưới,"Các trò chơi sân khấu vui nhộn, lịch sự phù hợp với mọi độ tuổi quan khách.",https://www.youtube.com/watch?v=dQw4w9WgXcQ,35,FALSE,1
Chương 3: Điều phối Game show & Phối hợp Ê-kíp sự kiện,Luyện Giọng,3,"Bài 2: Phối hợp với Âm thanh, Ánh sáng & Nhà hàng",Kỹ năng làm việc với kíp trực âm thanh để tạo hiệu ứng âm nhạc trọn vẹn.,https://www.youtube.com/watch?v=dQw4w9WgXcQ,25,FALSE,2
